"Problem","Planner","Successes","Min Plan Length","Max Plan Length","Avg. Plan Length","Plan Length Std.","Min Nodes Visited","Max Nodes Visited","Avg. Nodes Visited","Nodes Visited Std.","Min Nodes Generated","Max Nodes Generated","Avg. Nodes Generated","Nodes Generated Std.","Min Time (ms)","Max Time (ms)","Avg. Time (ms)","Time Std. (ms)"
"fantasy_any","BFS",10,2,2,2.0,0.0,4,4,4.0,0.0,91,91,91.0,0.0,1,5,1.8,1.2489995996796797
"fantasy_any","BFS prune",10,2,2,2.0,0.0,4,4,4.0,0.0,90,90,90.0,0.0,3,4,3.6,0.48989794855663565
"fantasy_any","A* h+",10,3,3,3.0,0.0,20,20,20.0,0.0,381,381,381.0,0.0,18,26,23.0,2.280350850198276
"fantasy_any","A* h_max",10,2,2,2.0,0.0,2,2,2.0,0.0,55,55,55.0,0.0,2,4,3.2,0.7483314773547882
"fantasy_any","A* rp",10,2,2,2.0,0.0,4,4,4.0,0.0,91,91,91.0,0.0,5,20,8.1,4.3
"fantasy_any","A* h+ + pruning ",10,3,3,3.0,0.0,20,20,20.0,0.0,430,430,430.0,0.0,25,35,29.1,3.419064199455752
"fantasy_any","A* h_max + pruning ",10,2,2,2.0,0.0,2,2,2.0,0.0,54,54,54.0,0.0,3,5,4.0,0.6324555320336759
"fantasy_any","A* rp + pruning ",10,2,2,2.0,0.0,4,4,4.0,0.0,90,90,90.0,0.0,6,8,7.4,0.6633249580710799
"fantasy_any","EFS h+",10,3,3,3.0,0.0,284,285,284.1,0.3,1965,1967,1966.8,0.6,-392,119,50.5,148.05286218104666
"fantasy_any","EFS h_max",10,2,2,2.0,0.0,20,20,20.0,0.0,291,291,291.0,0.0,12,192551,19268.4,57760.866704370004
"fantasy_any","EFS rp",10,2,2,2.0,0.0,180,180,180.0,0.0,1361,1361,1361.0,0.0,71,97,81.1,8.514105942493316
"fantasy_any","EFS h+ + pruning ",10,3,3,3.0,0.0,200,201,200.1,0.30000000000000004,2232,2234,2233.8,0.6,132,211,163.3,23.008911317139717
"fantasy_any","EFS h_max + pruning ",10,2,2,2.0,0.0,18,18,18.0,0.0,351,351,351.0,0.0,18,43,25.4,7.310266752998826
"fantasy_any","EFS rp + pruning ",10,2,2,2.0,0.0,128,128,128.0,0.0,1515,1515,1515.0,0.0,87,128,104.7,10.545615202537972
"fantasy_any","GFS h+",10,3,3,3.0,0.0,7,7,7.0,0.0,115,115,115.0,0.0,6,13,7.8,1.9390719429665317
"fantasy_any","GFS h_max",10,2,2,2.0,0.0,3,3,3.0,0.0,43,43,43.0,0.0,2,3,2.9,0.3
"fantasy_any","GFS rp",10,2,2,2.0,0.0,5,5,5.0,0.0,71,71,71.0,0.0,4,9,6.1,1.7578395831246947
"fantasy_any","GFS h+ + pruning ",10,3,3,3.0,0.0,7,7,7.0,0.0,139,139,139.0,0.0,9,12,10.8,0.8717797887081347
"fantasy_any","GFS h_max + pruning ",10,2,2,2.0,0.0,3,3,3.0,0.0,43,43,43.0,0.0,4,14,6.0,2.7202941017470885
"fantasy_any","GFS rp + pruning ",10,2,2,2.0,0.0,5,5,5.0,0.0,71,71,71.0,0.0,7,9,7.8,0.6
"space_any","BFS",10,2,2,2.0,0.0,4,4,4.0,0.0,34,34,34.0,0.0,0,2,1.0,0.4472135954999579
"space_any","BFS prune",10,2,2,2.0,0.0,4,4,4.0,0.0,33,33,33.0,0.0,1,2,1.3,0.45825756949558405
"space_any","A* h+",10,2,2,2.0,0.0,2,2,2.0,0.0,16,16,16.0,0.0,1,2,1.2,0.4
"space_any","A* h_max",10,2,2,2.0,0.0,2,2,2.0,0.0,16,16,16.0,0.0,1,2,1.1,0.3
"space_any","A* rp",10,2,3,2.3,0.45825756949558405,13,26,21.5,5.6258332716140815,82,329,245.9,108.01430460823234,4,11,8.1,2.6248809496813377
"space_any","A* h+ + pruning ",10,2,2,2.0,0.0,2,2,2.0,0.0,16,16,16.0,0.0,0,2,1.0,0.4472135954999579
"space_any","A* h_max + pruning ",10,2,2,2.0,0.0,2,2,2.0,0.0,16,16,16.0,0.0,1,1,1.0,0.0
"space_any","A* rp + pruning ",10,2,3,2.3,0.45825756949558405,11,22,18.1,4.72122865364515,81,337,251.2,112.11226516309445,5,34,14.0,8.07465169527454
"space_any","EFS h+",10,2,2,2.0,0.0,7,7,7.0,0.0,47,47,47.0,0.0,2,3,2.3,0.45825756949558405
"space_any","EFS h_max",10,2,2,2.0,0.0,5,5,5.0,0.0,42,42,42.0,0.0,1,2,1.6,0.48989794855663565
"space_any","EFS rp",10,2,3,2.3,0.45825756949558405,7,13,8.8,2.7495454169735045,47,84,58.1,16.955530071336607,2,4,2.6,0.9165151389911681
"space_any","EFS h+ + pruning ",10,2,2,2.0,0.0,5,5,5.0,0.0,47,47,47.0,0.0,2,4,2.2,0.6
"space_any","EFS h_max + pruning ",10,2,2,2.0,0.0,5,5,5.0,0.0,45,45,45.0,0.0,1,3,2.1,0.5385164807134504
"space_any","EFS rp + pruning ",10,2,3,2.3,0.45825756949558405,5,8,5.9,1.3747727084867523,47,79,56.6,14.66424222385869,2,192544,19257.2,57762.26667782351
"space_any","GFS h+",10,2,2,2.0,0.0,2,2,2.0,0.0,12,12,12.0,0.0,0,5,1.3,1.3453624047073711
"space_any","GFS h_max",10,2,2,2.0,0.0,2,2,2.0,0.0,12,12,12.0,0.0,1,1,1.0,0.0
"space_any","GFS rp",10,2,3,2.3,0.45825756949558405,6,21,16.5,6.87386354243376,54,113,95.3,27.037196600239454,2,5,3.9,0.8306623862918074
"space_any","GFS h+ + pruning ",10,2,2,2.0,0.0,2,2,2.0,0.0,12,12,12.0,0.0,1,2,1.3,0.45825756949558405
"space_any","GFS h_max + pruning ",10,2,2,2.0,0.0,2,2,2.0,0.0,12,12,12.0,0.0,0,1,0.8,0.4000000000000001
"space_any","GFS rp + pruning ",10,2,3,2.3,0.45825756949558405,6,18,14.4,5.499090833947007,56,123,102.9,30.70325715620413,4,9,7.1,1.7
"fantasy_two","BFS",10,5,5,5.0,0.0,7898,7898,7898.0,0.0,116113,116141,116115.8,8.399999999999999,2693,195705,41465.2,77062.50682634194
"fantasy_two","BFS prune",10,5,5,5.0,0.0,1242,1242,1242.0,0.0,19734,19735,19734.9,0.29999999999999993,2051,3032,2497.3,406.2469815272478
"fantasy_two","A* h+",10,6,6,6.0,0.0,796,796,796.0,0.0,13019,13020,13019.9,0.3,451,1044,792.5,257.0689596197876
"fantasy_two","A* h_max",10,5,5,5.0,0.0,1059,1059,1059.0,0.0,16720,16720,16720.0,0.0,1218,1326,1274.9,34.18903332941719
"fantasy_two","A* rp",10,5,5,5.0,0.0,2463,2534,2505.0,24.68197723035981,37758,38620,38145.4,287.2797243106446,2833,3569,3093.9,245.12137809664827
"fantasy_two","A* h+ + pruning ",10,6,6,6.0,0.0,440,453,451.7,3.8999999999999995,6619,6929,6898.0,93.0,631,738,693.2,35.15337821604063
"fantasy_two","A* h_max + pruning ",10,5,5,5.0,0.0,574,574,574.0,0.0,9458,9458,9458.0,0.0,642,1131,972.8,194.99835896745387
"fantasy_two","A* rp + pruning ",10,5,5,5.0,0.0,747,822,787.9,26.87545348454608,13414,14296,13814.3,316.7990056802578,1278,1867,1573.1,220.30635487883686
"fantasy_two","EFS h+",10,6,6,6.0,0.0,4156,4156,4156.0,0.0,29744,29749,29748.5,1.5,1576,2175,1915.9,218.11760589186744
"fantasy_two","EFS h_max",10,5,5,5.0,0.0,1970,1970,1970.0,0.0,28230,28230,28230.0,0.0,1408,2167,1792.6,300.95953216337904
"fantasy_two","EFS rp",10,5,5,5.0,0.0,14184,14439,14341.2,58.95388027941842,94185,95575,95083.2,328.07249198919436,6195,199316,25918.1,57799.68112792665
"fantasy_two","EFS h+ + pruning ",10,6,6,6.0,0.0,1299,1307,1306.2,2.4000000000000004,16424,16621,16601.3,59.09999999999999,818,1507,1294.8,257.73777371584475
"fantasy_two","EFS h_max + pruning ",10,5,5,5.0,0.0,842,842,842.0,0.0,16195,16195,16195.0,0.0,1033,1694,1414.2,216.0184251400792
"fantasy_two","EFS rp + pruning ",10,5,5,5.0,0.0,3288,3340,3295.1,15.115885683611129,39647,40314,39730.0,195.33868024536255,2968,4091,3684.1,396.649328752741
"fantasy_two","GFS h+",10,6,6,6.0,0.0,1313,1313,1313.0,0.0,18745,18745,18745.0,0.0,946,1556,1184.8,220.38729545960675
"fantasy_two","GFS h_max",10,5,5,5.0,0.0,892,892,892.0,0.0,13030,13030,13030.0,0.0,889,1111,1027.7,65.6598050560615
"fantasy_two","GFS rp",10,5,5,5.0,0.0,2132,2143,2139.2,2.8565713714171395,29174,29324,29268.1,38.10629869194856,2086,2923,2310.4,273.49193772394824
"fantasy_two","GFS h+ + pruning ",10,6,6,6.0,0.0,262,262,262.0,0.0,5033,5033,5033.0,0.0,512,637,587.2,34.443577050010354
"fantasy_two","GFS h_max + pruning ",10,5,5,5.0,0.0,464,464,464.0,0.0,8075,8075,8075.0,0.0,1010,1106,1063.1,29.595438837766878
"fantasy_two","GFS rp + pruning ",10,5,5,5.0,0.0,553,558,555.9,1.445683229480096,9659,9753,9701.9,25.02978226033938,-191538,1526,-18074.9,57821.6061839344
"space_three","BFS",10,3,3,3.0,0.0,19,20,19.3,0.45825756949558405,213,214,213.3,0.45825756949558394,5,7,5.8,0.7483314773547882
"space_three","BFS prune",10,3,3,3.0,0.0,16,16,16.0,0.0,207,207,207.0,0.0,9,12,10.5,0.9219544457292888
"space_three","A* h+",10,3,3,3.0,0.0,27,27,27.0,0.0,282,282,282.0,0.0,9,15,13.1,1.5779733838059502
"space_three","A* h_max",10,3,3,3.0,0.0,27,27,27.0,0.0,281,281,281.0,0.0,10,14,11.9,1.445683229480096
"space_three","A* rp",10,3,3,3.0,0.0,13,112,80.2,44.08809363082055,82,1765,1224.4,749.4975917239493,4,52,34.9,20.250679000961917
"space_three","A* h+ + pruning ",10,3,3,3.0,0.0,27,27,27.0,0.0,295,295,295.0,0.0,16,22,19.7,1.9519221295943134
"space_three","A* h_max + pruning ",10,3,3,3.0,0.0,27,27,27.0,0.0,294,294,294.0,0.0,18,22,19.9,1.57797338380595
"space_three","A* rp + pruning ",10,3,3,3.0,0.0,11,92,66.8,36.55078658524328,81,928,658.0,378.37203913608624,5,65,44.4,25.714587299818753
"space_three","EFS h+",10,3,3,3.0,0.0,21,21,21.0,0.0,132,132,132.0,0.0,4,7,5.7,0.7810249675906654
"space_three","EFS h_max",10,3,3,3.0,0.0,14,14,14.0,0.0,120,120,120.0,0.0,5,7,6.0,0.6324555320336759
"space_three","EFS rp",10,3,3,3.0,0.0,13,16,15.1,1.3747727084867523,84,170,144.2,39.41015097662023,4,8,6.0,1.2649110640673518
"space_three","EFS h+ + pruning ",10,3,3,3.0,0.0,14,14,14.0,0.0,126,126,126.0,0.0,6,8,7.0,0.7745966692414834
"space_three","EFS h_max + pruning ",10,3,3,3.0,0.0,14,14,14.0,0.0,122,122,122.0,0.0,6,10,7.9,1.0440306508910548
"space_three","EFS rp + pruning ",10,3,3,3.0,0.0,8,14,12.2,2.7495454169735045,79,126,111.9,21.538105766292446,4,10,7.6,2.0099751242241783
"space_three","GFS h+",10,3,3,3.0,0.0,27,27,27.0,0.0,135,135,135.0,0.0,5,8,6.1,0.8306623862918073
"space_three","GFS h_max",10,3,3,3.0,0.0,19,19,19.0,0.0,132,132,132.0,0.0,4,7,5.6,0.7999999999999999
"space_three","GFS rp",10,3,4,3.7,0.45825756949558405,6,90,64.3,38.16818046488462,54,788,555.8,328.6304307272837,2,30,18.1,10.290286682109492
"space_three","GFS h+ + pruning ",10,3,3,3.0,0.0,24,24,24.0,0.0,138,138,138.0,0.0,5,13,9.2,1.8867962264113207
"space_three","GFS h_max + pruning ",10,3,3,3.0,0.0,19,19,19.0,0.0,138,138,138.0,0.0,7,11,9.2,1.077032961426901
"space_three","GFS rp + pruning ",10,3,3,3.0,0.0,6,72,52.2,30.244999586708538,56,639,464.1,267.16416301592545,4,60,33.8,19.918835307316538
"space_four","BFS",10,5,5,5.0,0.0,119,137,125.8,6.734983296193095,1527,1758,1611.9,86.75534565662221,24,34,28.9,3.014962686336267
"space_four","BFS prune",10,5,5,5.0,0.0,83,94,87.7,4.290687590584987,1064,1204,1120.8,52.46865731081748,44,82,54.2,10.156771140475698
"space_four","A* h+",10,5,5,5.0,0.0,49,51,49.6,0.9165151389911681,442,460,447.4,8.248636250920512,15,24,19.9,2.913760456866693
"space_four","A* h_max",10,5,5,5.0,0.0,49,51,49.6,0.9165151389911681,438,456,443.4,8.248636250920512,18,33,21.9,3.986226285598949
"space_four","A* rp",10,6,6,6.0,0.0,3770,4397,3994.9,192.94012024459818,32415,39687,34887.2,2602.7814660474287,963,1244,1098.4,78.97999746771332
"space_four","A* h+ + pruning ",10,5,5,5.0,0.0,50,52,50.6,0.9165151389911681,450,470,456.0,9.16515138991168,27,97,40.5,19.30932417253385
"space_four","A* h_max + pruning ",10,5,5,5.0,0.0,50,52,50.6,0.9165151389911681,444,464,450.0,9.16515138991168,26,100,44.8,19.833305322109073
"space_four","A* rp + pruning ",10,6,6,6.0,0.0,823,921,859.9,39.30508872906916,6980,8229,7487.8,447.1625655172848,268,793,477.0,229.62447604730642
"space_four","EFS h+",10,5,5,5.0,0.0,209,214,210.5,2.29128784747792,1080,1120,1092.0,18.33030277982336,26,42,37.0,4.219004621945797
"space_four","EFS h_max",10,5,5,5.0,0.0,95,100,96.5,2.29128784747792,884,924,896.0,18.33030277982336,23,39,31.2,4.935585071701227
"space_four","EFS rp",10,6,6,6.0,0.0,1024,1026,1024.6,0.9165151389911681,5727,5738,5730.3,4.2673176586703745,146,232,183.9,30.768327871367987
"space_four","EFS h+ + pruning ",10,5,5,5.0,0.0,163,167,164.2,1.8330302779823358,947,987,959.0,18.33030277982336,40,83,50.7,11.78176557227311
"space_four","EFS h_max + pruning ",10,5,5,5.0,0.0,73,77,74.2,1.8330302779823362,806,846,818.0,18.33030277982336,33,52,40.8,6.241794613730894
"space_four","EFS rp + pruning ",10,6,6,6.0,0.0,171,171,171.0,0.0,1114,1115,1114.7,0.45825756949558405,51,77,60.8,7.011419257183243
"space_four","GFS h+",10,5,5,5.0,0.0,52,54,52.6,0.9165151389911681,304,322,309.4,8.248636250920512,12,22,16.9,3.5902646142032486
"space_four","GFS h_max",10,5,5,5.0,0.0,42,44,42.6,0.9165151389911681,300,318,305.4,8.248636250920512,14,22,17.0,2.3664319132398464
"space_four","GFS rp",10,6,6,6.0,0.0,1137,1383,1298.7,74.65795336064336,9674,10758,10402.7,289.99863792783583,342,408,379.0,24.40901472816959
"space_four","GFS h+ + pruning ",10,5,5,5.0,0.0,47,49,47.6,0.9165151389911681,302,322,308.0,9.16515138991168,26,46,32.2,5.670978751503131
"space_four","GFS h_max + pruning ",10,5,5,5.0,0.0,42,44,42.6,0.9165151389911681,302,322,308.0,9.16515138991168,21,47,29.8,8.034923770640267
"space_four","GFS rp + pruning ",10,6,6,6.0,0.0,598,656,634.6,17.112568480505782,5858,6513,6208.8,184.49921409046706,308,507,387.6,65.16471437825842
"bribery","BFS",10,2,2,2.0,0.0,8,10,9.2,0.7483314773547883,145,177,164.2,11.973303637676613,0,1,0.4,0.4898979485566357
"bribery","BFS prune",10,2,2,2.0,0.0,8,10,9.2,0.7483314773547883,139,171,158.2,11.973303637676613,1,1,1.0,0.0
"bribery","A* h+",10,2,2,2.0,0.0,2,2,2.0,0.0,37,37,37.0,0.0,0,1,0.3,0.45825756949558405
"bribery","A* h_max",10,2,2,2.0,0.0,2,2,2.0,0.0,37,37,37.0,0.0,0,1,0.3,0.45825756949558405
"bribery","A* rp",10,2,2,2.0,0.0,2,2,2.0,0.0,37,37,37.0,0.0,0,1,0.5,0.5
"bribery","A* h+ + pruning ",10,2,2,2.0,0.0,2,2,2.0,0.0,37,37,37.0,0.0,0,1,0.5,0.5
"bribery","A* h_max + pruning ",10,2,2,2.0,0.0,2,2,2.0,0.0,37,37,37.0,0.0,0,1,0.4,0.48989794855663565
"bribery","A* rp + pruning ",10,2,2,2.0,0.0,2,2,2.0,0.0,37,37,37.0,0.0,0,1,0.2,0.4000000000000001
"bribery","EFS h+",10,2,2,2.0,0.0,5743,5744,5743.3,0.45825756949558405,15047,15050,15047.9,1.374772708486752,98,146,125.8,15.6
"bribery","EFS h_max",10,2,2,2.0,0.0,600,601,600.3,0.45825756949558405,5716,5719,5716.9,1.374772708486752,28,81,47.2,13.310146505579867
"bribery","EFS rp",10,2,2,2.0,0.0,5743,5744,5743.3,0.45825756949558405,15047,15050,15047.9,1.374772708486752,137,185,159.3,14.121260566960729
"bribery","EFS h+ + pruning ",10,2,2,2.0,0.0,886,887,886.3,0.45825756949558405,6073,6074,6073.6,0.48989794855663565,97,131,113.5,11.110805551354051
"bribery","EFS h_max + pruning ",10,2,2,2.0,0.0,259,260,259.3,0.45825756949558405,3079,3080,3079.6,0.48989794855663565,32,57,44.1,9.554580053565934
"bribery","EFS rp + pruning ",10,2,2,2.0,0.0,886,887,886.3,0.45825756949558405,6073,6074,6073.6,0.48989794855663565,69,135,101.4,18.056577748842663
"bribery","GFS h+",10,2,2,2.0,0.0,3,3,3.0,0.0,32,32,32.0,0.0,0,1,0.4,0.48989794855663565
"bribery","GFS h_max",10,2,2,2.0,0.0,3,3,3.0,0.0,32,32,32.0,0.0,0,1,0.2,0.4000000000000001
"bribery","GFS rp",10,2,2,2.0,0.0,3,3,3.0,0.0,32,32,32.0,0.0,0,2,0.9,0.5385164807134504
"bribery","GFS h+ + pruning ",10,2,2,2.0,0.0,3,3,3.0,0.0,32,32,32.0,0.0,0,2,0.9,0.5385164807134504
"bribery","GFS h_max + pruning ",10,2,2,2.0,0.0,3,3,3.0,0.0,32,32,32.0,0.0,0,2,0.8,0.6000000000000001
"bribery","GFS rp + pruning ",10,2,2,2.0,0.0,3,3,3.0,0.0,32,32,32.0,0.0,0,1,0.8,0.4
"fantasy_all","BFS",0,,,,,1000000,1000000,1000000.0,0.0,13966544,13967965,1.39668499E7,391.23738318315145,809281,865455,851998.6,21326.109721184497
"fantasy_all","BFS prune",10,9,9,9.0,0.0,57354,57360,57357.4,1.562049935181331,866850,866938,866911.6,40.326666115611395,182605,235276,213416.2,24647.441858334914
"fantasy_all","A* h+",0,,,,,1000000,1000000,1000000.0,0.0,15093758,15094232,1.50938957E7,168.94262339622878,2415956,2597202,2526836.0,53411.667139305806
"fantasy_all","A* h_max",0,,,,,1000000,1000000,1000000.0,0.0,15504195,15504283,1.55042742E7,26.399999999999995,1477580,1544592,1497261.7,21890.638035699187
"fantasy_all","A* rp",0,,,,,1000000,1000000,1000000.0,0.0,15309696,15356048,1.53354399E7,18731.681395165786,2174641,2316739,2247598.2,39385.80088255157
"fantasy_all","A* h+ + pruning ",10,9,9,9.0,0.0,32612,32686,32639.0,25.06391828904651,481588,482457,481799.4,333.0574124681809,68083,72776,71756.4,1359.8988344726235
"fantasy_all","A* h_max + pruning ",10,9,9,9.0,0.0,10079,10083,10081.7,1.7916472867168918,205790,205847,205830.5,21.010711553871754,35750,38140,37548.2,672.141770759711
"fantasy_all","A* rp + pruning ",10,9,9,9.0,0.0,19259,21617,20219.8,577.1529779876389,388442,431899,407440.7,10599.655664690245,75494,133227,102304.8,22803.46818271291
"fantasy_all","EFS h+",0,,,,,1000000,1000000,1000000.0,0.0,9927010,9927863,9927589.7,379.59769493504564,1907324,2114366,2055595.1,63822.782009953145
"fantasy_all","EFS h_max",10,9,9,9.0,0.0,690346,690356,690349.1,3.8845849199110063,10035292,10035400,1.00353139E7,33.12838661933298,1122246,1170448,1149577.9,16159.587782180584
"fantasy_all","EFS rp",0,,,,,1000000,1000000,1000000.0,0.0,9457790,9744741,9493991.8,83791.39490520491,1202448,1474074,1337864.8,68988.15232023539
"fantasy_all","EFS h+ + pruning ",10,9,9,9.0,0.0,14153,14153,14153.0,0.0,215128,215273,215258.5,43.5,23247,28042,24202.2,1356.6913281951793
"fantasy_all","EFS h_max + pruning ",10,9,9,9.0,0.0,4522,4522,4522.0,0.0,97988,97993,97992.5,1.5,16889,20005,18801.6,1087.640951785101
"fantasy_all","EFS rp + pruning ",10,9,9,9.0,0.0,16076,16684,16356.6,169.43270050376933,252447,264123,257887.2,3425.8459334885447,-144491,242651,50231.9,86668.27493546875
"fantasy_all","GFS h+",0,,,,,1000000,1000000,1000000.0,0.0,14508306,14509018,1.45088434E7,195.00984590527733,1196416,1616166,1429967.6,96761.99938632935
"fantasy_all","GFS h_max",0,,,,,1000000,1000000,1000000.0,0.0,14965783,14965796,1.49657861E7,3.5623026261113755,1255648,1317201,1278848.4,20471.348876905988
"fantasy_all","GFS rp",0,,,,,1000000,1000000,1000000.0,0.0,14490127,14533383,1.45133643E7,17359.566602020914,1319473,1429695,1364401.3,33263.509694709006
"fantasy_all","GFS h+ + pruning ",10,9,9,9.0,0.0,12078,12392,12109.4,94.2,252551,253122,252608.1,171.3,55281,58018,56993.0,875.6501584537058
"fantasy_all","GFS h_max + pruning ",10,9,9,9.0,0.0,8547,8550,8547.3,0.9000000000000001,187972,187980,187979.2,2.3999999999999995,38045,43264,39684.3,1529.869213364332
"fantasy_all","GFS rp + pruning ",10,9,9,9.0,0.0,13407,15703,14373.2,549.7302611281282,304781,341836,321121.2,9139.851681509937,-88054,155955,115691.5,68892.8401043969
"space_two","BFS",10,3,3,3.0,0.0,19,20,19.3,0.45825756949558405,213,214,213.3,0.45825756949558394,3,4,3.6,0.48989794855663565
"space_two","BFS prune",10,3,3,3.0,0.0,16,16,16.0,0.0,207,207,207.0,0.0,7,10,9.1,0.9433981132056604
"space_two","A* h+",10,3,3,3.0,0.0,27,27,27.0,0.0,282,282,282.0,0.0,9,12,11.3,1.004987562112089
"space_two","A* h_max",10,3,3,3.0,0.0,27,27,27.0,0.0,281,281,281.0,0.0,8,12,9.9,1.7578395831246945
"space_two","A* rp",10,3,3,3.0,0.0,13,30,24.3,7.443789357578572,82,351,261.3,118.03478300907746,5,12,9.2,2.785677655436824
"space_two","A* h+ + pruning ",10,3,3,3.0,0.0,27,27,27.0,0.0,295,295,295.0,0.0,17,35,21.9,4.763402145525822
"space_two","A* h_max + pruning ",10,3,3,3.0,0.0,27,27,27.0,0.0,294,294,294.0,0.0,16,23,20.0,2.4083189157584592
"space_two","A* rp + pruning ",10,3,3,3.0,0.0,11,23,18.8,5.173006862551025,81,348,258.9,117.12339646714486,6,23,14.8,5.509990925582365
"space_two","EFS h+",10,3,3,3.0,0.0,8,8,8.0,0.0,56,56,56.0,0.0,2,3,2.7,0.45825756949558405
"space_two","EFS h_max",10,3,3,3.0,0.0,6,6,6.0,0.0,51,51,51.0,0.0,2,3,2.2,0.39999999999999997
"space_two","EFS rp",10,3,3,3.0,0.0,8,13,9.5,2.29128784747792,56,84,64.4,12.831211945876353,2,5,3.3,1.004987562112089
"space_two","EFS h+ + pruning ",10,3,3,3.0,0.0,6,6,6.0,0.0,56,56,56.0,0.0,3,4,3.5,0.5
"space_two","EFS h_max + pruning ",10,3,3,3.0,0.0,6,6,6.0,0.0,54,54,54.0,0.0,2,4,3.0,0.4472135954999579
"space_two","EFS rp + pruning ",10,3,3,3.0,0.0,6,8,6.6,0.9165151389911681,56,79,62.9,10.539924098398432,3,7,4.2,1.32664991614216
"space_two","GFS h+",10,3,3,3.0,0.0,7,7,7.0,0.0,50,50,50.0,0.0,2,3,2.5,0.5
"space_two","GFS h_max",10,3,3,3.0,0.0,7,7,7.0,0.0,50,50,50.0,0.0,2,4,2.3,0.6403124237432849
"space_two","GFS rp",10,3,3,3.0,0.0,6,25,19.3,8.706893820416097,54,135,110.7,37.118863129142305,3,13,5.9,2.6627053911388696
"space_two","GFS h+ + pruning ",10,3,3,3.0,0.0,7,7,7.0,0.0,54,54,54.0,0.0,2,4,3.1,0.5385164807134505
"space_two","GFS h_max + pruning ",10,3,3,3.0,0.0,7,7,7.0,0.0,54,54,54.0,0.0,3,4,3.3,0.45825756949558405
"space_two","GFS rp + pruning ",10,3,3,3.0,0.0,6,19,15.1,5.957348403442592,56,133,109.9,35.285832851159974,5,14,9.5,3.138470965295043
"space_all","BFS",10,6,6,6.0,0.0,890,923,899.9,14.909393012460301,12764,13262,12913.4,228.2122696088008,193,229,209.3,11.384638773364749
"space_all","BFS prune",10,6,6,6.0,0.0,453,475,459.6,10.081666528902847,5458,5821,5566.9,166.347497726897,-57,500,362.8,203.98274436824306
"space_all","A* h+",10,6,6,6.0,0.0,934,936,934.6,0.9165151389911679,9491,9501,9494.0,4.58257569495584,254,320,295.6,18.8849146145806
"space_all","A* h_max",10,6,6,6.0,0.0,916,918,916.6,0.9165151389911679,9290,9300,9293.0,4.58257569495584,-209,321,245.8,152.45969959304
"space_all","A* rp",10,6,6,6.0,0.0,3770,4397,3994.9,192.94012024459818,32415,39687,34887.2,2602.7814660474287,473,1216,1002.9,221.33795426903177
"space_all","A* h+ + pruning ",10,6,6,6.0,0.0,590,590,590.0,0.0,6019,6019,6019.0,0.0,99,604,488.9,183.60035403015976
"space_all","A* h_max + pruning ",10,6,6,6.0,0.0,583,583,583.0,0.0,5917,5917,5917.0,0.0,547,617,578.7,20.7992788336519
"space_all","A* rp + pruning ",10,6,6,6.0,0.0,823,921,859.9,39.30508872906916,6980,8229,7487.8,447.1625655172848,291,858,710.1,206.66226070572245
"space_all","EFS h+",10,6,6,6.0,0.0,1152,1154,1152.6,0.9165151389911681,6454,6464,6457.0,4.58257569495584,175,214,194.1,11.869709347747316
"space_all","EFS h_max",10,6,6,6.0,0.0,761,763,761.6,0.9165151389911679,5677,5687,5680.0,4.58257569495584,-320,194,134.6,151.65038740471454
"space_all","EFS rp",10,6,6,6.0,0.0,1024,1026,1024.6,0.9165151389911681,5727,5738,5730.3,4.2673176586703745,150,194,172.2,14.898322053170954
"space_all","EFS h+ + pruning ",10,6,6,6.0,0.0,273,273,273.0,0.0,1803,1803,1803.0,0.0,140,170,156.7,8.402975663418289
"space_all","EFS h_max + pruning ",10,6,6,6.0,0.0,167,167,167.0,0.0,1668,1668,1668.0,0.0,134,178,150.4,12.666491226855209
"space_all","EFS rp + pruning ",10,6,6,6.0,0.0,171,171,171.0,0.0,1114,1115,1114.7,0.45825756949558405,66,83,76.3,5.21632054229799
"space_all","GFS h+",10,6,6,6.0,0.0,1384,1388,1385.2,1.8330302779823358,7979,8001,7985.6,10.081666528902849,-250,274,194.6,148.64064047224772
"space_all","GFS h_max",10,6,6,6.0,0.0,1048,1052,1049.2,1.8330302779823358,7879,7901,7885.6,10.081666528902849,220,275,241.3,15.34959282847594
"space_all","GFS rp",10,6,6,6.0,0.0,1137,1383,1298.7,74.65795336064336,9674,10758,10402.7,289.99863792783583,350,444,401.8,31.018704034823894
"space_all","GFS h+ + pruning ",10,6,6,6.0,0.0,800,800,800.0,0.0,6053,6054,6053.3,0.45825756949558405,237,769,645.3,200.6659163884091
"space_all","GFS h_max + pruning ",10,6,6,6.0,0.0,681,681,681.0,0.0,5971,5972,5971.3,0.45825756949558405,683,767,730.8,22.79824554653274
"space_all","GFS rp + pruning ",10,6,6,6.0,0.0,598,656,634.6,17.112568480505782,5858,6513,6208.8,184.49921409046706,876,1019,939.2,45.70514194267424
"raiders","BFS",10,6,6,6.0,0.0,704,1008,802.2,111.68330224344193,5107,8688,6242.9,1315.9070977846422,80,150,99.7,24.37232036552942
"raiders","BFS prune",10,6,6,6.0,0.0,194,232,208.5,12.076837334335508,1828,2229,1972.8,125.69868734398143,-192975,298,-19134.4,57947.08646895027
"raiders","A* h+",10,6,6,6.0,0.0,388,406,397.6,6.1351446600711865,3468,3658,3564.5,64.44881690147616,118,133,125.4,4.758150901348127
"raiders","A* h_max",10,6,6,6.0,0.0,180,192,185.9,3.7802116342871597,1956,2040,1994.1,25.216859439668532,61,81,69.6,5.834380858325929
"raiders","A* rp",10,6,6,6.0,0.0,409,679,492.5,86.50231210782749,3117,6068,3948.9,947.965447682562,115,194,146.4,30.86810651789319
"raiders","A* h+ + pruning ",10,6,6,6.0,0.0,157,176,165.3,8.77553417177553,1683,1837,1752.8,69.62872970261628,191,251,224.4,17.86728854639114
"raiders","A* h_max + pruning ",10,6,6,6.0,0.0,105,112,108.8,2.5612496949731396,1329,1389,1357.4,19.39690696992693,133,175,152.4,11.29778739399888
"raiders","A* rp + pruning ",10,6,6,6.0,0.0,97,278,148.8,68.15100879664217,919,2898,1474.7,731.1705751738099,91,311,157.4,77.0223344232048
"raiders","EFS h+",10,6,6,6.0,0.0,88,88,88.0,0.0,675,675,675.0,0.0,19,31,23.6,3.1685959035509716
"raiders","EFS h_max",10,6,6,6.0,0.0,48,48,48.0,0.0,455,455,455.0,0.0,13,17,15.9,1.1357816691600546
"raiders","EFS rp",10,6,6,6.0,0.0,90,112,96.6,10.081666528902849,675,919,748.2,111.8148469569225,20,39,26.7,5.586591089385369
"raiders","EFS h+ + pruning ",10,6,6,6.0,0.0,33,33,33.0,0.0,334,334,334.0,0.0,25,32,27.9,2.0223748416156684
"raiders","EFS h_max + pruning ",10,6,6,6.0,0.0,25,25,25.0,0.0,271,271,271.0,0.0,20,25,21.6,1.42828568570857
"raiders","EFS rp + pruning ",10,6,6,6.0,0.0,34,40,35.8,2.749545416973504,334,407,355.9,33.45280257317763,25,38,29.4,3.7469987990390385
"raiders","GFS h+",10,6,6,6.0,0.0,4124,4571,4373.6,185.06117907329997,9104,9961,9585.1,348.17623411140517,336,411,374.9,21.9974998579384
"raiders","GFS h_max",10,6,6,6.0,0.0,972,1224,1045.7,87.00350567649558,5249,6517,5658.5,446.5653927478035,-295,192964,57996.5,88347.94554289307
"raiders","GFS rp",10,6,6,6.0,0.0,539,2147,1704.3,539.0530678884965,2449,5517,4600.2,1029.3217961356886,95,235,188.9,46.77274847600898
"raiders","GFS h+ + pruning ",10,6,6,6.0,0.0,588,665,618.8,37.722142038860945,2778,3136,2923.3,154.80184107432314,538,619,565.7,30.381079638485527
"raiders","GFS h_max + pruning ",10,6,6,6.0,0.0,188,220,206.8,15.354478174135387,1353,1590,1485.6,102.52921534860198,239,319,287.6,24.96076921891631
"raiders","GFS rp + pruning ",10,6,6,6.0,0.0,149,446,219.9,82.9149564312736,883,2255,1231.7,381.55367905446803,129,468,209.1,93.90042598412427
"treasure","BFS",10,4,4,4.0,0.0,50,50,50.0,0.0,137,137,137.0,0.0,0,2,0.7,0.6403124237432849
"treasure","BFS prune",10,4,4,4.0,0.0,28,28,28.0,0.0,93,93,93.0,0.0,1,2,1.3,0.45825756949558405
"treasure","A* h+",10,4,4,4.0,0.0,58,58,58.0,0.0,97,97,97.0,0.0,0,1,0.7,0.45825756949558405
"treasure","A* h_max",10,4,4,4.0,0.0,35,35,35.0,0.0,80,80,80.0,0.0,0,1,0.6,0.4898979485566357
"treasure","A* rp",10,4,4,4.0,0.0,47,47,47.0,0.0,97,97,97.0,0.0,1,1,1.0,0.0
"treasure","A* h+ + pruning ",10,4,4,4.0,0.0,35,35,35.0,0.0,79,79,79.0,0.0,1,2,1.5,0.5
"treasure","A* h_max + pruning ",10,4,4,4.0,0.0,35,35,35.0,0.0,79,79,79.0,0.0,1,2,1.6,0.48989794855663565
"treasure","A* rp + pruning ",10,4,4,4.0,0.0,35,35,35.0,0.0,79,79,79.0,0.0,1,2,1.6,0.48989794855663565
"treasure","EFS h+",10,4,4,4.0,0.0,60,60,60.0,0.0,133,133,133.0,0.0,0,1,0.7,0.45825756949558405
"treasure","EFS h_max",10,4,4,4.0,0.0,22,22,22.0,0.0,78,78,78.0,0.0,0,1,0.2,0.4000000000000001
"treasure","EFS rp",10,4,4,4.0,0.0,61,61,61.0,0.0,133,133,133.0,0.0,1,2,1.1,0.3
"treasure","EFS h+ + pruning ",10,4,4,4.0,0.0,19,19,19.0,0.0,74,74,74.0,0.0,1,2,1.3,0.45825756949558405
"treasure","EFS h_max + pruning ",10,4,4,4.0,0.0,19,19,19.0,0.0,74,74,74.0,0.0,1,2,1.1,0.3
"treasure","EFS rp + pruning ",10,4,4,4.0,0.0,19,19,19.0,0.0,74,74,74.0,0.0,1,2,1.3,0.45825756949558405
"treasure","GFS h+",10,4,4,4.0,0.0,29,29,29.0,0.0,81,81,81.0,0.0,0,0,0.0,0.0
"treasure","GFS h_max",10,4,4,4.0,0.0,24,24,24.0,0.0,77,77,77.0,0.0,1,1,1.0,0.0
"treasure","GFS rp",10,4,4,4.0,0.0,31,31,31.0,0.0,87,87,87.0,0.0,1,1,1.0,0.0
"treasure","GFS h+ + pruning ",10,4,4,4.0,0.0,24,24,24.0,0.0,81,81,81.0,0.0,2,2,2.0,0.0
"treasure","GFS h_max + pruning ",10,4,4,4.0,0.0,24,24,24.0,0.0,81,81,81.0,0.0,1,2,1.7,0.45825756949558405
"treasure","GFS rp + pruning ",10,4,4,4.0,0.0,24,24,24.0,0.0,81,81,81.0,0.0,1,2,1.7,0.45825756949558405
"gramma_any","BFS",10,3,3,3.0,0.0,3029,3031,3030.0,0.6324555320336759,32029,32046,32037.6,5.388877434122992,-191933,1339,-18309.2,57875.13043752039
"gramma_any","BFS prune",10,3,3,3.0,0.0,1310,1311,1310.4,0.48989794855663565,19047,19054,19049.8,3.4292856398964493,1872,2566,2243.9,232.00795244991065
"gramma_any","A* h+",10,3,3,3.0,0.0,3450,3454,3452.2,1.4696938456699071,50051,50064,50056.2,6.368673331236263,13706,208018,35136.4,57635.62969240468
"gramma_any","A* h_max",10,3,3,3.0,0.0,3406,3410,3408.2,1.4696938456699071,47344,47435,47396.7,24.495101551126503,12444,14061,13280.7,513.8128161110815
"gramma_any","A* rp",10,5,5,5.0,0.0,2937,3353,3172.1,163.65784429717996,42495,47919,45555.9,2060.1371532012136,9713,14196,12131.0,1450.9736041706617
"gramma_any","A* h+ + pruning ",10,3,3,3.0,0.0,1792,1796,1794.2,1.469693845669907,26393,26406,26398.2,6.368673331236264,8940,9968,9569.4,299.33232368055405
"gramma_any","A* h_max + pruning ",10,3,3,3.0,0.0,1835,1839,1837.2,1.469693845669907,25828,25919,25880.7,24.495101551126503,7932,8651,8284.6,204.38111458742952
"gramma_any","A* rp + pruning ",10,5,5,5.0,0.0,1418,1667,1537.9,89.15318278109874,21538,24830,23105.1,1158.1062516021577,7967,9975,9095.1,642.9574558242559
"gramma_any","EFS h+",10,3,3,3.0,0.0,8611,8653,8632.8,14.925146565444509,47267,47454,47360.5,63.97069641640616,14816,16344,15602.7,437.33672381815825
"gramma_any","EFS h_max",10,3,3,3.0,0.0,1618,1845,1807.0,64.7533782902483,22572,25952,25426.5,964.5228094762715,6393,7546,7201.0,309.64302026688733
"gramma_any","EFS rp",10,3,3,3.0,0.0,8215,8686,8365.3,132.74942561081008,45323,47137,45983.9,517.8342302320308,13676,14268,14067.6,197.1492835391496
"gramma_any","EFS h+ + pruning ",10,3,3,3.0,0.0,2014,2024,2019.3,3.7696153649941526,16551,16622,16590.7,25.91543941360053,-188012,4891,-14523.2,57829.64346561371
"gramma_any","EFS h_max + pruning ",10,3,3,3.0,0.0,643,682,668.4,10.44222198576529,10790,11385,11210.9,168.2916813155065,2803,3674,3173.2,298.51090432344347
"gramma_any","EFS rp + pruning ",10,3,3,3.0,0.0,1907,1919,1913.9,3.8845849199110063,15488,15563,15526.8,27.523807876091563,4002,4812,4330.3,221.8621418809437
"gramma_any","GFS h+",10,3,3,3.0,0.0,23965,23967,23965.6,0.8,40733,40748,40738.4,6.681317235396026,11446,11980,11756.8,171.82072051996525
"gramma_any","GFS h_max",10,3,3,3.0,0.0,2862,2864,2862.6,0.8,22579,22613,22590.0,14.085453489327207,5601,6312,5929.6,205.66049693609128
"gramma_any","GFS rp",10,3,3,3.0,0.0,3477,3490,3482.4,5.851495535331118,6284,6318,6300.0,14.184498581197715,959,1700,1415.7,248.58602132863385
"gramma_any","GFS h+ + pruning ",10,3,3,3.0,0.0,2661,2663,2661.6,0.8,13885,13919,13896.0,14.085453489327207,3872,5027,4283.8,332.3960890263302
"gramma_any","GFS h_max + pruning ",10,3,3,3.0,0.0,978,980,978.6,0.7999999999999999,10593,10627,10604.0,14.085453489327207,2916,196277,61089.8,88457.55587715501
"gramma_any","GFS rp + pruning ",10,3,3,3.0,0.0,712,714,712.6,0.7999999999999999,2982,3016,2993.0,14.085453489327207,763,193701,20128.9,57857.37645529739
"gramma_win","BFS",10,5,5,5.0,0.0,14303,14627,14475.2,130.73392826653685,178031,182819,180469.2,1923.376863747716,-186599,8668,-88809.4,97348.65593134813
"gramma_win","BFS prune",10,5,5,5.0,0.0,4215,4357,4297.9,57.67919902356481,65778,68194,67179.7,878.7879209456624,-184124,11675,-8689.5,58485.83112558118
"gramma_win","A* h+",10,5,5,5.0,0.0,34847,34875,34859.9,6.920260110718383,456244,456750,456397.1,172.01595856198927,148397,159637,156547.6,3133.3135240508573
"gramma_win","A* h_max",10,5,5,5.0,0.0,18208,18826,18533.3,250.281062008295,261796,269766,265833.2,3205.1998939223745,69403,76969,73935.0,2559.2523126882197
"gramma_win","A* rp",10,5,5,5.0,0.0,2937,3353,3172.1,163.65784429717996,42495,47919,45555.9,2060.1371532012136,11747,14894,13656.3,988.6458466002879
"gramma_win","A* h+ + pruning ",10,5,5,5.0,0.0,7402,7430,7409.8,9.075241043630744,115190,115745,115377.3,176.65845578403545,42020,44623,43633.7,623.4760701101527
"gramma_win","A* h_max + pruning ",10,5,5,5.0,0.0,3999,4177,4101.4,67.57839891562983,65311,68304,67034.2,1046.4989058761598,21344,25218,23440.0,1306.4506113895006
"gramma_win","A* rp + pruning ",10,5,5,5.0,0.0,1186,1365,1271.9,59.60780150282344,18686,21232,19934.0,865.3217898562361,6089,8244,7178.8,610.6633769925947
"gramma_win","EFS h+",10,5,5,5.0,0.0,125292,153274,139165.6,12738.169752362384,579121,705510,641686.6,58191.351211670626,219220,272086,241875.9,18790.785834818085
"gramma_win","EFS h_max",10,5,5,5.0,0.0,21759,26969,24061.2,2309.20037242332,287670,358638,318951.6,31285.748286400314,83370,110055,94786.3,8976.013213559794
"gramma_win","EFS rp",10,5,5,5.0,0.0,110520,138907,124764.3,13329.975229159281,511318,640221,575902.6,60997.82313689563,144509,175803,158564.1,10460.998293184068
"gramma_win","EFS h+ + pruning ",10,5,5,5.0,0.0,17704,19694,18706.1,973.4086962833237,152542,167016,159811.5,7136.677675921759,43836,60075,52670.4,5589.90506538349
"gramma_win","EFS h_max + pruning ",10,5,5,5.0,0.0,5156,5952,5530.6,371.86212498720545,92241,102656,96980.0,4691.357628661452,28706,33584,31321.0,1625.3570069372452
"gramma_win","EFS rp + pruning ",10,5,5,5.0,0.0,16049,18190,17106.8,1007.9243820842912,137873,153849,145603.5,7417.385567031014,44395,239066,105021.6,85708.26825248542
"gramma_win","GFS h+",0,,,,,1000000,1000000,1000000.0,0.0,1633380,1633478,1633436.1,32.420518194501454,297120,513053,444471.0,88588.1040986881
"gramma_win","GFS h_max",10,5,5,5.0,0.0,489299,493544,491809.7,1751.2139246819618,3739618,3778835,3762350.4,16364.331383836005,800230,914397,850417.1,34517.54063791336
"gramma_win","GFS rp",10,5,5,5.0,0.0,413875,450685,435949.0,17988.477856672587,688607,755011,728582.2,31970.33208710851,174416,201293,187200.4,8806.300383248348
"gramma_win","GFS h+ + pruning ",10,5,5,5.0,0.0,77050,79258,78318.1,715.5553717218535,407468,420244,414850.0,4738.946845027912,-47074,326617,137079.3,83859.94712143576
"gramma_win","GFS h_max + pruning ",10,5,5,5.0,0.0,23923,24612,24299.3,270.9848888775904,286485,295509,291480.5,3548.0882528482857,89522,103524,97910.9,5180.552797723425
"gramma_win","GFS rp + pruning ",10,5,5,5.0,0.0,19407,21278,20468.4,559.9775352636925,105311,116138,111550.0,3645.725497071879,33371,41099,37149.4,2419.8871543937744
"secretagent","BFS",10,8,8,8.0,0.0,1130,1136,1133.6,2.9393876913398134,711,745,731.4,16.65653025092561,5,9,7.4,1.1135528725660042
"secretagent","BFS prune",10,8,8,8.0,0.0,457,463,460.6,2.939387691339814,475,509,495.4,16.65653025092561,29,44,36.4,4.340506882842141
"secretagent","A* h+",10,8,8,8.0,0.0,372,376,374.4,1.9595917942265424,815,828,822.8,6.368673331236264,13,20,16.0,2.32379000772445
"secretagent","A* h_max",10,8,8,8.0,0.0,344,344,344.0,0.0,757,757,757.0,0.0,10,16,14.2,1.5999999999999999
"secretagent","A* rp",10,8,8,8.0,0.0,404,420,418.4,4.799999999999999,721,785,778.6,19.2,18,24,20.5,1.8027756377319946
"secretagent","A* h+ + pruning ",10,8,8,8.0,0.0,182,186,184.4,1.9595917942265424,353,364,359.6,5.388877434122991,27,39,32.9,3.2078029864690882
"secretagent","A* h_max + pruning ",10,8,8,8.0,0.0,162,162,162.0,0.0,312,312,312.0,0.0,19,23,20.5,1.284523257866513
"secretagent","A* rp + pruning ",10,8,8,8.0,0.0,174,180,174.6,1.8,320,326,320.6,1.8000000000000003,23,31,26.8,2.891366458960192
"secretagent","EFS h+",10,8,8,8.0,0.0,30,35,33.0,2.449489742783178,115,128,122.8,6.368673331236263,5,12,7.8,1.8330302779823358
"secretagent","EFS h_max",10,8,8,8.0,0.0,34,34,34.0,0.0,107,107,107.0,0.0,6,12,8.0,1.5491933384829668
"secretagent","EFS rp",10,8,8,8.0,0.0,34,39,34.5,1.5,115,128,116.3,3.9000000000000004,6,9,7.2,0.8717797887081347
"secretagent","EFS h+ + pruning ",10,8,8,8.0,0.0,30,35,33.0,2.449489742783178,118,131,125.8,6.368673331236263,9,17,13.3,2.6851443164195103
"secretagent","EFS h_max + pruning ",10,8,8,8.0,0.0,34,34,34.0,0.0,111,111,111.0,0.0,9,24,12.3,4.026164427839479
"secretagent","EFS rp + pruning ",10,8,8,8.0,0.0,34,39,34.5,1.5,119,132,120.3,3.9000000000000004,10,15,12.1,1.9723082923316018
"secretagent","GFS h+",10,8,8,8.0,0.0,221,225,223.4,1.9595917942265424,492,504,499.2,5.8787753826796285,9,14,11.1,1.8681541692269406
"secretagent","GFS h_max",10,8,8,8.0,0.0,219,219,219.0,0.0,504,504,504.0,0.0,11,14,12.5,1.118033988749895
"secretagent","GFS rp",10,8,8,8.0,0.0,185,218,214.7,9.9,423,491,484.2,20.4,9,33,14.3,6.753517601961218
"secretagent","GFS h+ + pruning ",10,8,8,8.0,0.0,77,81,79.4,1.9595917942265424,173,183,179.0,4.898979485566356,14,20,16.2,1.6613247725836147
"secretagent","GFS h_max + pruning ",10,8,8,8.0,0.0,72,72,72.0,0.0,167,167,167.0,0.0,10,13,11.5,0.9219544457292888
"secretagent","GFS rp + pruning ",10,8,8,8.0,0.0,72,73,72.1,0.30000000000000004,157,161,157.4,1.1999999999999997,9,15,11.7,1.6155494421403511
"jailbreak_lose","BFS",10,4,4,4.0,0.0,636,644,640.8,3.919183588453085,12516,12678,12613.2,79.36346766617497,-193115,128,-19305.4,57936.86823465694
"jailbreak_lose","BFS prune",10,4,4,4.0,0.0,539,547,543.8,3.919183588453085,8969,9123,9061.4,75.44428407772187,834,1012,936.7,51.28362311693665
"jailbreak_lose","A* h+",10,4,4,4.0,0.0,472,472,472.0,0.0,10226,10226,10226.0,0.0,372,472,414.0,27.691153822114384
"jailbreak_lose","A* h_max",10,4,4,4.0,0.0,482,482,482.0,0.0,10486,10486,10486.0,0.0,-147,408,328.2,159.7365330786918
"jailbreak_lose","A* rp",10,4,4,4.0,0.0,1042,1043,1042.1,0.3,11776,11803,11778.7,8.1,-192536,825,-18707.7,57943.30149905164
"jailbreak_lose","A* h+ + pruning ",10,4,4,4.0,0.0,356,356,356.0,0.0,6067,6067,6067.0,0.0,620,755,705.6,37.09501314193055
"jailbreak_lose","A* h_max + pruning ",10,4,4,4.0,0.0,366,366,366.0,0.0,6309,6309,6309.0,0.0,713,757,740.3,14.408677940741127
"jailbreak_lose","A* rp + pruning ",10,4,4,4.0,0.0,686,687,686.1,0.3,7171,7198,7173.7,8.1,84,1144,747.9,401.350831567595
"jailbreak_lose","EFS h+",10,4,4,4.0,0.0,79592,79592,79592.0,0.0,173701,173701,173701.0,0.0,8862,202490,28745.2,57915.64793007154
"jailbreak_lose","EFS h_max",10,4,4,4.0,0.0,2741,2741,2741.0,0.0,30514,30514,30514.0,0.0,1329,1423,1377.2,30.135693122939784
"jailbreak_lose","EFS rp",10,4,4,4.0,0.0,79597,96513,81300.3,5070.915717106724,173759,212101,177705.0,11465.879024305113,9241,12567,9929.8,924.5472189131283
"jailbreak_lose","EFS h+ + pruning ",10,4,4,4.0,0.0,3504,3504,3504.0,0.0,26855,26855,26855.0,0.0,3254,4554,3643.3,390.27248173551766
"jailbreak_lose","EFS h_max + pruning ",10,4,4,4.0,0.0,1388,1388,1388.0,0.0,16457,16457,16457.0,0.0,1976,2338,2106.5,138.35768861902832
"jailbreak_lose","EFS rp + pruning ",10,4,4,4.0,0.0,3505,4313,3595.6,239.3082530962942,26862,33474,27588.9,1963.4929819074985,3128,4827,4360.8,634.2152316051704
"jailbreak_lose","GFS h+",10,4,4,4.0,0.0,465371,465371,465371.0,0.0,550734,550734,550734.0,0.0,26036,27678,26762.9,489.3717298741316
"jailbreak_lose","GFS h_max",10,4,4,4.0,0.0,5737,5737,5737.0,0.0,61295,61295,61295.0,0.0,2101,2793,2468.2,259.48633875408547
"jailbreak_lose","GFS rp",10,4,4,4.0,0.0,427,428,427.1,0.3,5118,5132,5119.4,4.2,192,254,218.8,22.4535075210979
"jailbreak_lose","GFS h+ + pruning ",10,4,4,4.0,0.0,12445,12445,12445.0,0.0,80849,80849,80849.0,0.0,14929,16314,15551.4,519.4420468156193
"jailbreak_lose","GFS h_max + pruning ",10,4,4,4.0,0.0,2669,2669,2669.0,0.0,31914,31914,31914.0,0.0,4568,5723,5265.3,386.4036878705999
"jailbreak_lose","GFS rp + pruning ",10,4,4,4.0,0.0,311,312,311.1,0.3,3963,3977,3964.4,4.2,359,539,445.2,71.82868507775984
"jailbreak_escape","BFS",10,6,6,6.0,0.0,942369,976658,954890.7,13537.624666461985,12743052,13421090,1.29886098E7,266576.68772448954,101658,133589,110013.7,11085.371568422954
"jailbreak_escape","BFS prune",10,6,6,6.0,0.0,135378,138828,136665.7,1359.8685267333751,1400600,1451789,1419649.0,20084.60055365802,212369,385538,333895.1,61623.91837014261
"jailbreak_escape","A* h+",10,6,6,6.0,0.0,199071,199535,199244.2,186.03268530019128,3231432,3236446,3233252.9,1985.7797183977884,126823,135919,132223.9,2754.56317589559
"jailbreak_escape","A* h_max",10,6,6,6.0,0.0,200673,201137,200846.2,186.03268530019128,2313148,2316466,2314368.4,1321.313528274043,75654,272084,97644.7,58168.11024960326
"jailbreak_escape","A* rp",10,7,7,7.0,0.0,151368,167041,154983.5,6011.721820743205,2165257,2387824,2215574.1,85974.42106400018,-94906,110491,84607.8,59939.51939046558
"jailbreak_escape","A* h+ + pruning ",10,6,6,6.0,0.0,24799,24911,24841.2,45.10831408953343,299078,299975,299422.7,364.94384499536363,36257,85441,71921.3,13889.45374051838
"jailbreak_escape","A* h_max + pruning ",10,6,6,6.0,0.0,26105,26217,26147.2,45.10831408953343,293570,294430,293901.0,350.1842372237791,84964,86718,85969.5,585.1506216351479
"jailbreak_escape","A* rp + pruning ",10,7,7,7.0,0.0,19023,20706,19535.0,607.348499627685,204350,225634,210180.7,7871.40542787627,37383,55789,46585.1,5115.6508373813
"jailbreak_escape","EFS h+",0,,,,,1000000,1000000,1000000.0,0.0,2118630,2119032,2118839.0,124.81666555392353,108627,113531,111327.7,1447.282975095057
"jailbreak_escape","EFS h_max",10,6,6,6.0,0.0,101473,104603,102819.7,1093.4032238840346,1061060,1092766,1074562.7,10998.050409504403,41015,45029,43036.3,1216.614158227661
"jailbreak_escape","EFS rp",0,,,,,1000000,1000000,1000000.0,0.0,2112250,2155522,2131011.9,11461.78240458263,-78631,123531,97855.4,58921.0826618113
"jailbreak_escape","EFS h+ + pruning ",10,6,6,6.0,0.0,63839,65114,64615.5,505.49821958143434,492692,505003,500360.5,4211.819493995439,52173,66388,60452.5,4447.084196414546
"jailbreak_escape","EFS h_max + pruning ",10,6,6,6.0,0.0,12250,13010,12642.3,282.11559687475625,159872,170588,165162.3,3922.778863254976,17980,21311,20281.2,920.58370613432
"jailbreak_escape","EFS rp + pruning ",10,7,7,7.0,0.0,60451,70113,63292.3,3405.252708684041,455679,545030,480485.0,32593.27149888455,43878,78065,65439.5,11297.418618870419
"jailbreak_escape","GFS h+",0,,,,,1000000,1000000,1000000.0,0.0,1250138,1276611,1263283.1,13078.569420620895,61641,64199,62775.7,826.3418239445465
"jailbreak_escape","GFS h_max",0,,,,,1000000,1000000,1000000.0,0.0,10470568,10486155,1.04806772E7,6102.887608337549,433602,460830,444570.0,6504.794662400958
"jailbreak_escape","GFS rp",0,,,,,1000000,1000000,1000000.0,0.0,1230612,1253213,1244887.3,9079.51248746319,-118018,76256,51534.0,56616.305513517924
"jailbreak_escape","GFS h+ + pruning ",10,6,6,6.0,0.0,351010,351493,351240.0,224.11024072986936,2313156,2316765,2314791.3,1542.0524666819867,420104,496957,460228.2,30370.3855648887
"jailbreak_escape","GFS h_max + pruning ",10,6,6,6.0,0.0,66513,66985,66694.8,180.16647856912783,814563,820006,816547.0,1999.6092618309208,152261,156043,154198.4,1246.7389622531255
"jailbreak_escape","GFS rp + pruning ",10,7,7,7.0,0.0,196293,217768,200214.1,6100.836310703639,1242706,1395604,1269907.3,43694.306354604145,193554,305803,274559.0,38370.42452201956
"basketball_any","BFS",10,4,4,4.0,0.0,893,2228,1374.0,557.5562751866398,23999,66018,39574.0,17385.002950819424,-13,1211,568.8,430.82729718531067
"basketball_any","BFS prune",10,4,4,4.0,0.0,744,1630,1076.7,361.38983106888884,20098,46491,30214.9,10722.282382496742,2555,7763,4690.6,1812.224776345363
"basketball_any","A* h+",10,3,3,3.0,0.0,176337,184638,180490.5,3195.9203447520404,581506,669251,609191.6,30673.01100381246,57628,71170,62351.0,4283.455124079159
"basketball_any","A* h_max",10,4,4,4.0,0.0,726,1191,921.9,178.49506995992914,18321,32055,24184.7,5247.359698934312,-189798,3108,-16900.6,57634.01810771135
"basketball_any","A* rp",10,3,4,3.6,0.48989794855663565,16412,248401,59299.7,71206.18201258933,365046,3037148,922013.4,753405.4151174121,-109765,363782,83496.2,112315.57551720063
"basketball_any","A* h+ + pruning ",10,3,3,3.0,0.0,75202,86018,78196.3,2966.220728469141,425332,518163,453024.0,33777.34555882093,66395,301555,102850.9,66812.95678002884
"basketball_any","A* h_max + pruning ",10,4,4,4.0,0.0,724,1172,919.0,170.62532051251947,21694,35360,27877.7,5096.344651806822,3611,6337,4898.2,932.0304501463459
"basketball_any","A* rp + pruning ",10,3,4,3.5,0.5,893,83062,24627.4,25456.99882232782,31440,1282527,487862.5,340344.94013845717,-134642,249351,76710.2,95369.69143580155
"basketball_any","EFS h+",10,3,3,3.0,0.0,28676,335122,91834.8,121420.46632326857,137775,1216360,363760.1,425345.9132535424,11665,139847,38742.1,48612.27923981759
"basketball_any","EFS h_max",10,3,3,3.0,0.0,3166,34377,11531.3,11568.70717107145,42101,344897,137157.5,110323.4508400186,3822,35186,13551.3,11390.941383836544
"basketball_any","EFS rp",8,3,4,3.125,0.33071891388307384,41358,1000000,516314.5,367709.22985621396,218280,4623766,2231897.4,1646897.164494505,21376,433311,219485.3,156957.272896193
"basketball_any","EFS h+ + pruning ",10,3,3,3.0,0.0,12792,103412,31918.5,35745.82459043294,93925,663298,214792.3,224223.29138296493,11176,130789,35968.6,46283.81337832914
"basketball_any","EFS h_max + pruning ",10,3,3,3.0,0.0,1407,7860,3816.5,2397.4756411692697,33421,192794,92527.8,59328.79053343326,3597,199228,32004.7,56429.65639457678
"basketball_any","EFS rp + pruning ",10,3,4,3.2,0.39999999999999997,17507,411470,142938.8,125223.95753113698,138407,2787224,978463.8,832781.7956844158,18701,537634,179734.8,163151.94776023974
"basketball_any","GFS h+",8,3,3,3.0,0.0,12005,1000000,210598.9,394710.5911161873,45713,1682363,375924.8,653200.0313240653,-188258,216179,27762.0,109819.36871153467
"basketball_any","GFS h_max",10,3,3,3.0,0.0,1938,72027,11218.3,20702.55512756819,25049,786278,128638.6,224718.4976646115,-190419,98011,-4185.2,68048.10803071603
"basketball_any","GFS rp",10,3,4,3.1,0.3,3854,292676,79573.1,107039.5922137692,8454,500569,148050.8,165971.78213105985,1015,59924,17585.2,20086.321922143936
"basketball_any","GFS h+ + pruning ",10,3,3,3.0,0.0,6865,274038,60619.4,106710.90532387025,37869,1514730,335219.1,589749.0622463846,5879,311617,67130.1,120541.13225488635
"basketball_any","GFS h_max + pruning ",10,3,3,3.0,0.0,1348,24043,6817.5,8785.045011267728,25146,530427,148933.4,195429.57586261095,5243,316427,53367.9,94390.05467468487
"basketball_any","GFS rp + pruning ",10,3,4,3.1,0.3,2010,55237,18741.3,19767.367118814785,10017,286900,104447.8,104224.97229915678,2394,52374,20410.8,19238.03091691039
"basketball_both","BFS",0,,,,,1000000,1000000,1000000.0,0.0,20825069,21057729,2.09142261E7,87157.30947367524,2696788,3204201,3007800.5,136203.28059503558
"basketball_both","BFS prune",8,7,7,7.0,0.0,745528,1000000,894095.4,99290.36093518847,13972557,20195948,1.76703689E7,2512607.833753188,4250133,8541621,6252523.7,1453885.9280749676
"basketball_both","A* h+",0,,,,,1000000,1000000,1000000.0,0.0,11190340,11626757,1.14381132E7,135425.47748470373,1529365,1732561,1629800.9,57517.686343332694
"basketball_both","A* h_max",10,7,7,7.0,0.0,45007,49452,46227.1,1661.527276333434,943770,1071083,979211.3,46824.362060897314,97354,114251,104201.7,5598.071865383651
"basketball_both","A* rp",10,7,7,7.0,0.0,251271,620303,487290.6,125299.5688078774,3495416,9203521,6985563.1,1918780.5377057819,388527,1097157,854012.1,219437.75355141147
"basketball_both","A* h+ + pruning ",10,7,7,7.0,0.0,745241,785925,760595.3,15207.38908590163,12012189,12920668,1.22506643E7,349704.1016608327,3486612,3735638,3639168.6,87162.15435061252
"basketball_both","A* h_max + pruning ",10,7,7,7.0,0.0,24429,25815,24831.6,498.8471108466,631255,683757,643729.5,20080.255512567564,125942,330474,177231.5,75757.38029426572
"basketball_both","A* rp + pruning ",10,7,7,7.0,0.0,118479,188350,153738.0,22173.093410708392,2156780,3563245,2920787.0,478971.18399795203,434976,865935,664775.0,131744.35725601306
"basketball_both","EFS h+",0,,,,,1000000,1000000,1000000.0,0.0,3409075,3685432,3520831.7,96918.36482736387,407073,575537,449869.5,45622.29392358521
"basketball_both","EFS h_max",0,,,,,1000000,1000000,1000000.0,0.0,11989395,12228226,1.20619144E7,81992.26337429648,1229148,1371943,1294977.6,46878.80889314489
"basketball_both","EFS rp",0,,,,,1000000,1000000,1000000.0,0.0,3420077,4623766,3871138.4,486237.8488865711,379387,441664,400642.3,18872.663617253398
"basketball_both","EFS h+ + pruning ",0,,,,,1000000,1000000,1000000.0,0.0,5061855,5937995,5392712.2,284370.4280148694,1405445,1723275,1557016.1,95500.70810779363
"basketball_both","EFS h_max + pruning ",0,,,,,1000000,1000000,1000000.0,0.0,20413596,20539740,2.04688569E7,43845.934642678105,5188929,5814076,5648251.4,213139.0140280282
"basketball_both","EFS rp + pruning ",0,,,,,1000000,1000000,1000000.0,0.0,5309956,6119705,5697327.4,248902.71346700902,1282113,1527590,1450619.9,66275.99660729365
"basketball_both","GFS h+",0,,,,,1000000,1000000,1000000.0,0.0,1443697,1682363,1560323.7,78274.64646109876,197435,223355,212123.8,9637.3693692833
"basketball_both","GFS h_max",0,,,,,1000000,1000000,1000000.0,0.0,10805070,10937691,1.08601285E7,43548.58332311167,1295875,1382659,1338472.3,29474.85068342162
"basketball_both","GFS rp",0,,,,,1000000,1000000,1000000.0,0.0,1542179,1687606,1623134.2,41867.04162894722,173056,379747,206190.7,58158.15974917019
"basketball_both","GFS h+ + pruning ",0,,,,,1000000,1000000,1000000.0,0.0,5564112,5713660,5666352.7,53760.91414038641,1079611,1458407,1313932.7,112947.32250837114
"basketball_both","GFS h_max + pruning ",0,,,,,1000000,1000000,1000000.0,0.0,21923717,22171694,2.20928519E7,97798.52632882562,5242323,5821119,5681111.4,207531.98576132787
"basketball_both","GFS rp + pruning ",0,,,,,1000000,1000000,1000000.0,0.0,5168691,5313627,5264136.1,46393.11566482682,993716,1458218,1220948.0,107351.50291635418
"western","BFS",0,,,,,1000000,1000000,1000000.0,0.0,31924395,32797183,3.20450336E7,251135.69371126837,3940671,4750952,4584953.2,226674.76234543623
"western","BFS prune",0,,,,,1000000,1000000,1000000.0,0.0,37089885,37089885,3.7089885E7,0.0,11828012,20169668,1.82241573E7,3147771.210975983
"western","A* h+",0,,,,,1000000,1000000,1000000.0,0.0,20350285,20626386,2.045047E7,68717.43072612655,5693649,6114991,5908878.6,160001.2685950958
"western","A* h_max",0,,,,,1000000,1000000,1000000.0,0.0,34747172,35316751,3.50287426E7,192518.1849344108,12149060,13499285,1.28283891E7,402422.26609705633
"western","A* rp",0,,,,,1000000,1000000,1000000.0,0.0,18896314,20192886,1.92472979E7,472974.21294240764,5389677,5722205,5511377.5,100273.67034595872
"western","A* h+ + pruning ",0,,,,,1000000,1000000,1000000.0,0.0,23672559,23873716,2.37642766E7,69857.72425322772,12768332,14135349,1.38005505E7,476312.63226440887
"western","A* h_max + pruning ",0,,,,,1000000,1000000,1000000.0,0.0,41957010,42153372,4.2062006E7,56267.21553977946,28273287,31626714,3.07616738E7,1237776.517671086
"western","A* rp + pruning ",0,,,,,1000000,1000000,1000000.0,0.0,23402705,23790611,2.35831967E7,125535.85563658694,13824353,15602642,1.46658273E7,529443.0352478065
"western","EFS h+",0,,,,,1000000,1000000,1000000.0,0.0,5876772,5893787,5890320.2,5338.162076969938,2071629,2243312,2173060.5,54113.80832514008
"western","EFS h_max",0,,,,,1000000,1000000,1000000.0,0.0,26124876,26410764,2.62401991E7,80836.71776791781,7606497,8276564,7964357.0,178115.35200762455
"western","EFS rp",1,8,8,8.0,0.0,723499,1000000,972349.9,82950.30000000002,4246950,5887308,5690138.7,482021.4559249515,1335437,2096906,1990108.4,219505.5645742039
"western","EFS h+ + pruning ",10,8,8,8.0,0.0,73976,76049,75747.8,593.0485308977673,780704,807570,800467.4,6862.65765137676,349502,429065,380064.8,26667.01432031715
"western","EFS h_max + pruning ",10,8,8,8.0,0.0,225016,236336,232522.5,3376.4503920537613,5435900,5676025,5588492.3,69648.01392293969,3280531,3551926,3436573.9,73611.13665669074
"western","EFS rp + pruning ",10,8,8,8.0,0.0,58916,75244,68966.0,5203.993139887869,625595,794046,733059.1,54003.73797701415,354600,448995,408761.1,29816.728557807946
"western","GFS h+",0,,,,,1000000,1000000,1000000.0,0.0,1895763,1906739,1900601.6,4265.222789022867,536617,674992,615290.6,50651.45849667114
"western","GFS h_max",0,,,,,1000000,1000000,1000000.0,0.0,21077626,21558827,2.12661936E7,165903.23972255635,5476137,6148676,5691988.1,180969.88071690273
"western","GFS rp",0,,,,,1000000,1000000,1000000.0,0.0,1885430,1924277,1903748.9,14208.655280849065,489289,570279,526095.3,24366.63486429753
"western","GFS h+ + pruning ",0,,,,,1000000,1000000,1000000.0,0.0,3631574,3720488,3680772.5,28639.76825761689,1868786,1990736,1928999.8,38097.2974941793
"western","GFS h_max + pruning ",0,,,,,1000000,1000000,1000000.0,0.0,27535831,27669839,2.76123855E7,36942.37233110511,15229866,15973455,1.5701485E7,232517.76718521965
"western","GFS rp + pruning ",0,,,,,1000000,1000000,1000000.0,0.0,3519001,3657558,3559883.8,41315.618825814534,2056496,2227900,2139275.2,52229.31036841287
"jailbreak_revenge","BFS",0,,,,,1000000,1000000,1000000.0,0.0,13869818,13872312,1.3870333E7,742.6977851050857,125592,324760,167147.1,78711.77125748093
"jailbreak_revenge","BFS prune",10,7,7,7.0,0.0,856383,861706,859832.1,2037.7621769971097,6152470,6207146,6188241.8,20825.76108957365,1025284,1653931,1361971.0,159145.709803312
"jailbreak_revenge","A* h+",0,,,,,1000000,1000000,1000000.0,0.0,8421624,8422355,8421833.8,285.8988632366348,381891,401675,391001.0,6003.757073699768
"jailbreak_revenge","A* h_max",0,,,,,1000000,1000000,1000000.0,0.0,9679822,9685645,9682012.9,2413.0023808525348,378264,572711,440433.0,84739.66932788916
"jailbreak_revenge","A* rp",0,,,,,1000000,1000000,1000000.0,0.0,4359140,4636527,4442202.7,79792.57536769946,78163,296517,252800.4,59218.67263321595
"jailbreak_revenge","A* h+ + pruning ",10,7,7,7.0,0.0,128263,128396,128346.7,44.13173461354086,1155223,1157128,1156433.6,634.7283198345573,280181,371781,349537.6,28265.118475605224
"jailbreak_revenge","A* h_max + pruning ",10,7,7,7.0,0.0,160766,160784,160774.2,6.779380502671317,1590130,1590463,1590284.9,126.62736671036005,197765,398025,370461.2,57937.644615224046
"jailbreak_revenge","A* rp + pruning ",10,7,7,7.0,0.0,206339,235482,216610.8,10725.794859123494,1759112,2000095,1854695.6,88780.35090739392,305798,450513,381804.9,36983.824478952956
"jailbreak_revenge","EFS h+",0,,,,,1000000,1000000,1000000.0,0.0,2118630,2119032,2118839.0,124.81666555392353,112755,120568,116718.6,2817.3170996534986
"jailbreak_revenge","EFS h_max",10,7,7,7.0,0.0,202696,208797,204669.1,2172.335031711269,2081960,2145653,2103514.7,22338.865445899435,85182,91577,88136.6,1613.4750199491777
"jailbreak_revenge","EFS rp",0,,,,,1000000,1000000,1000000.0,0.0,2112250,2155522,2131011.9,11461.78240458263,117640,125406,121286.2,2341.069362492278
"jailbreak_revenge","EFS h+ + pruning ",10,7,7,7.0,0.0,108925,110273,109893.0,489.41638713880434,899446,916164,910955.1,5873.4213444976,89026,124456,114155.6,13336.753954392352
"jailbreak_revenge","EFS h_max + pruning ",10,7,7,7.0,0.0,19941,20854,20425.2,329.95175404898214,254803,268680,262181.3,4788.711226415726,32985,36014,34372.0,792.7039800581299
"jailbreak_revenge","EFS rp + pruning ",10,7,7,7.0,0.0,103118,138006,111844.2,9609.413590849339,852338,1167200,929027.6,87147.8061837474,107356,133050,122808.2,7941.605792281559
"jailbreak_revenge","GFS h+",0,,,,,1000000,1000000,1000000.0,0.0,1250138,1276611,1263283.1,13078.569420620895,62667,66878,64549.7,1352.1454100798478
"jailbreak_revenge","GFS h_max",0,,,,,1000000,1000000,1000000.0,0.0,10470568,10486155,1.04806772E7,6102.887608337549,425818,457241,445716.9,10687.636852457143
"jailbreak_revenge","GFS rp",0,,,,,1000000,1000000,1000000.0,0.0,1230612,1253213,1244887.3,9079.51248746319,-128758,263967,66725.7,87826.26786451762
"jailbreak_revenge","GFS h+ + pruning ",10,7,7,7.0,0.0,582651,585146,584263.3,962.6968422094259,3935769,3956250,3948983.7,7814.682003127191,804559,848361,835210.8,12662.69381924715
"jailbreak_revenge","GFS h_max + pruning ",10,7,7,7.0,0.0,107602,107889,107792.9,106.098491977973,1306959,1311755,1309717.3,1715.9688254744024,250311,447914,274702.4,57899.64060372051
"jailbreak_revenge","GFS rp + pruning ",10,7,7,7.0,0.0,476860,542332,496829.3,19153.085756869572,3147123,3622477,3288015.5,135573.64755899282,481027,788211,703556.9,105866.82882607753
"lovers","BFS",10,5,5,5.0,0.0,6042,14911,7898.9,2688.876361977248,90217,324279,138232.1,70057.68030908532,1702,6953,2716.4,1576.5692626713235
"lovers","BFS prune",10,5,5,5.0,0.0,4091,11409,5633.6,2214.4282873915786,83657,268964,122108.8,55313.6633713588,9045,45871,16338.5,10965.136645295397
"lovers","A* h+",0,,,,,1000000,1000000,1000000.0,0.0,21985675,24969498,2.30268438E7,1228682.2750078882,3082226,3972483,3411119.0,311509.340947908
"lovers","A* h_max",10,5,5,5.0,0.0,16274,18921,17243.4,1117.4562362795243,415817,438088,425347.2,8550.839406748322,51307,58423,55082.7,1923.8457344600165
"lovers","A* rp",10,5,5,5.0,0.0,27097,435154,68601.1,122185.51023705717,577312,8024275,1339754.0,2228210.231337474,77589,1224999,196544.2,342831.8699787988
"lovers","A* h+ + pruning ",0,,,,,1000000,1000000,1000000.0,0.0,29125561,32645843,3.02443214E7,1493697.4124516116,6307497,7398915,6710444.3,379964.33250873693
"lovers","A* h_max + pruning ",10,5,5,5.0,0.0,14932,17316,16159.4,1130.4378089926045,419703,434399,427436.5,6490.983457843658,-102543,285382,88766.8,86797.5086264577
"lovers","A* rp + pruning ",10,5,5,5.0,0.0,24864,354362,58426.0,98646.9477905931,587292,7563466,1301250.1,2087456.2954965287,112815,1596499,266609.8,443323.6786781865
"lovers","EFS h+",3,5,5,5.0,0.0,935438,1000000,984741.5,25543.79389695274,4566083,4829703,4759405.7,102555.2805388879,310298,710318,481695.4,106206.08832472836
"lovers","EFS h_max",10,5,5,5.0,0.0,7565,7771,7717.1,72.08668392983547,134179,136393,135700.9,734.3917823614314,-182700,208031,32123.7,136664.5690894681
"lovers","EFS rp",10,5,5,5.0,0.0,154615,654552,237363.8,140220.061906847,613272,3021388,991754.6,680751.2839957336,-130631,516961,144421.2,188166.17863516283
"lovers","EFS h+ + pruning ",10,5,5,5.0,0.0,304688,324063,318282.5,7960.077741454539,2368811,2502533,2464017.3,51933.65921452098,214107,609129,409175.6,123889.94417159125
"lovers","EFS h_max + pruning ",10,5,5,5.0,0.0,5056,5220,5182.6,61.47877682582828,104688,105728,105376.6,343.24399484914517,-180069,211272,15776.6,123605.68738791917
"lovers","EFS rp + pruning ",10,5,5,5.0,0.0,66970,210884,96955.8,38911.41366180365,402957,1547606,612684.9,315952.36673601606,-111868,443971,115012.0,139878.18965156793
"lovers","GFS h+",0,,,,,1000000,1000000,1000000.0,0.0,1505180,1576596,1554930.9,28704.797886241944,12235,427818,238352.1,166618.8680086682
"lovers","GFS h_max",0,,,,,1000000,1000000,1000000.0,0.0,15602465,15923355,1.58289267E7,102868.16235070013,1577401,2025002,1769297.5,117754.86864435798
"lovers","GFS rp",0,,,,,1000000,1000000,1000000.0,0.0,1559923,2016023,1713481.3,165642.15664802847,10804,428527,219790.8,128800.02319006002
"lovers","GFS h+ + pruning ",0,,,,,1000000,1000000,1000000.0,0.0,3445931,3555366,3506228.1,32307.316627816675,712567,1163604,990966.7,162325.1726227636
"lovers","GFS h_max + pruning ",10,5,5,5.0,0.0,926838,967840,937393.4,15193.10194923999,16882798,17475066,1.70537076E7,210603.01255309716,5193431,5979039,5698206.0,236625.51282480086
"lovers","GFS rp + pruning ",0,,,,,1000000,1000000,1000000.0,0.0,3358661,3658192,3465742.6,106757.03195218572,917904,1309143,1174511.7,108756.153825933
"deerhunter_any","BFS",10,6,6,6.0,0.0,15344,15352,15348.0,4.0,81729,81848,81788.5,59.5,835,948,880.7,32.28327740487325
"deerhunter_any","BFS prune",10,6,6,6.0,0.0,7853,7855,7854.0,1.0,64907,64934,64920.5,13.5,3581,4399,4047.8,223.77881937305864
"deerhunter_any","A* h+",10,6,6,6.0,0.0,4472,4472,4472.0,0.0,57760,57760,57760.0,0.0,2568,2768,2639.3,54.27715910030663
"deerhunter_any","A* h_max",10,6,6,6.0,0.0,436,437,436.5,0.5,6335,6353,6344.0,9.0,-195382,250,-19331.6,58683.467714851344
"deerhunter_any","A* rp",10,6,6,6.0,0.0,238,1973,932.0,849.9729407457628,3640,24726,12074.4,10329.988143265218,111,1128,513.7,469.30076709930916
"deerhunter_any","A* h+ + pruning ",10,6,6,6.0,0.0,3416,3416,3416.0,0.0,50133,50133,50133.0,0.0,10606,11345,11057.7,236.6770162056299
"deerhunter_any","A* h_max + pruning ",10,6,6,6.0,0.0,430,431,430.5,0.5,7304,7340,7322.0,18.0,818,196466,20414.7,58683.76988750808
"deerhunter_any","A* rp + pruning ",10,6,6,6.0,0.0,237,1763,845.8,745.628969394296,4307,27495,13567.4,11341.651548165284,528,4614,2153.1,1949.0100281938007
"deerhunter_any","EFS h+",10,6,6,6.0,0.0,65,65,65.0,0.0,485,485,485.0,0.0,16,21,19.4,1.42828568570857
"deerhunter_any","EFS h_max",10,6,6,6.0,0.0,190,197,193.5,3.5,1571,1641,1606.0,35.0,-195514,72,-19492.7,58673.767088964036
"deerhunter_any","EFS rp",10,6,6,6.0,0.0,103,157,131.4,21.275337835155522,748,1037,883.1,101.04004156768741,26,38,32.7,3.318132004607412
"deerhunter_any","EFS h+ + pruning ",10,6,6,6.0,0.0,45,45,45.0,0.0,514,514,514.0,0.0,39,50,43.6,3.7735924528226414
"deerhunter_any","EFS h_max + pruning ",10,6,6,6.0,0.0,148,155,151.5,3.5,1565,1682,1623.5,58.5,-195425,195723,144.3,87463.35186242292
"deerhunter_any","EFS rp + pruning ",10,6,6,6.0,0.0,93,127,109.4,12.257242756835652,890,1125,991.1,82.31336464997649,82,114,98.4,9.478396488858229
"deerhunter_any","GFS h+",10,6,6,6.0,0.0,89805,89805,89805.0,0.0,182806,182806,182806.0,0.0,9359,10007,9690.7,207.9408810215057
"deerhunter_any","GFS h_max",10,6,6,6.0,0.0,1791,1792,1791.5,0.5,10667,10680,10673.5,6.5,434,481,457.1,16.688019654830228
"deerhunter_any","GFS rp",10,6,6,6.0,0.0,9454,28762,17177.2,9458.94959073152,17221,67134,37186.2,24452.276306307354,893,196455,21539.6,58318.4367626568
"deerhunter_any","GFS h+ + pruning ",10,6,6,6.0,0.0,36087,36087,36087.0,0.0,165590,165590,165590.0,0.0,46743,53598,50499.5,2197.5936498816154
"deerhunter_any","GFS h_max + pruning ",10,6,6,6.0,0.0,1569,1570,1569.5,0.5,14838,14869,14853.5,15.5,3428,3680,3576.9,69.79176169147759
"deerhunter_any","GFS rp + pruning ",10,6,6,6.0,0.0,5685,11118,7858.2,2661.6155545082015,23174,61425,38474.4,18739.08643023987,6683,17295,10829.4,4920.421957515433
"hospital_any","BFS",10,4,4,4.0,0.0,39569,40325,39854.2,306.92631037433074,755032,761128,757195.7,2013.2547305296466,-183821,11897,-7870.3,58650.32212878289
"hospital_any","BFS prune",10,4,4,4.0,0.0,29103,29602,29289.6,188.48777148664047,731035,737108,733232.4,1993.0407020429866,88600,99977,95033.2,3548.528478115964
"hospital_any","A* h+",10,4,4,4.0,0.0,317,317,317.0,0.0,9243,9243,9243.0,0.0,1003,196701,20646.8,58684.74605517179
"hospital_any","A* h_max",10,4,4,4.0,0.0,347,347,347.0,0.0,10047,10047,10047.0,0.0,-194590,1097,-18496.7,58697.7697975826
"hospital_any","A* rp",10,4,4,4.0,0.0,117,47539,5415.9,14073.90211313124,3307,495761,66588.4,145275.81222295744,415,55536,7505.1,16261.291206112757
"hospital_any","A* h+ + pruning ",10,4,4,4.0,0.0,317,317,317.0,0.0,12170,12170,12170.0,0.0,-193534,2238,-17515.3,58672.97953751795
"hospital_any","A* h_max + pruning ",10,4,4,4.0,0.0,347,347,347.0,0.0,12950,12950,12950.0,0.0,2091,2212,2135.2,38.031039954226856
"hospital_any","A* rp + pruning ",10,4,4,4.0,0.0,117,46960,5395.2,13894.492900426412,4325,678593,91258.9,198778.6348617225,773,111814,15408.2,32745.99249007427
"hospital_any","EFS h+",0,,,,,1000000,1000000,1000000.0,0.0,3745572,3748750,3747567.4,955.6155293840719,333317,355984,343785.9,8653.54280569525
"hospital_any","EFS h_max",10,4,4,4.0,0.0,133295,133954,133657.4,249.89805921615317,2324780,2333542,2328864.7,3165.8400796629003,203168,219599,210694.3,5724.362340907501
"hospital_any","EFS rp",8,4,5,4.25,0.4330127018922193,594481,1000000,890847.7,127821.34090287898,2493247,4081137,3416549.3,462863.9490595589,219456,389147,319435.1,46037.621316592806
"hospital_any","EFS h+ + pruning ",0,,,,,1000000,1000000,1000000.0,0.0,4498193,4504993,4500044.5,1950.9392225284723,465008,706986,664002.3,68631.63694106384
"hospital_any","EFS h_max + pruning ",10,4,4,4.0,0.0,102825,103664,103325.6,308.78996097671313,2166687,2178546,2173512.1,4249.711389023965,295809,331096,321142.3,8960.140981591752
"hospital_any","EFS rp + pruning ",8,4,5,4.25,0.4330127018922193,428284,1000000,688138.1,174134.58374685366,2200351,5187557,3291866.5,975078.3811269995,323589,820416,543943.2,163473.73721414703
"hospital_any","GFS h+",10,4,4,4.0,0.0,39,96895,48467.0,48428.0,875,131691,66271.0,65396.00085632148,-195483,12492,-13367.3,60975.18643850136
"hospital_any","GFS h_max",10,4,4,4.0,0.0,54,810,432.0,378.0,1196,12645,6920.5,5724.5,113,1172,632.1,501.41947509046753
"hospital_any","GFS rp",10,4,5,4.3,0.45825756949558405,23,95991,15854.6,28126.46665402535,545,131402,25672.2,38436.1660465765,73,13698,2655.8,3991.226949197452
"hospital_any","GFS h+ + pruning ",10,4,4,4.0,0.0,39,81216,40627.5,40588.5,1033,159297,80153.0,79120.00070778564,-195395,37165,-1458.5,66809.6766887103
"hospital_any","GFS h_max + pruning ",10,4,4,4.0,0.0,54,789,421.5,367.5,1354,16358,8856.0,7502.0,192,3620,1834.6,1612.989720983987
"hospital_any","GFS rp + pruning ",10,4,5,4.3,0.45825756949558405,23,79657,13526.6,23309.623567102062,703,159026,32765.6,46561.22206987269,136,33039,6517.4,9881.498673784256
"deerhunter_both","BFS",0,,,,,1000000,1000000,1000000.0,0.0,5392206,5392206,5392206.0,0.0,642261,815950,767257.2,67957.87741211463
"deerhunter_both","BFS prune",10,10,10,10.0,0.0,438248,438291,438269.5,21.5,3264543,3264991,3264767.0,224.0,626168,709408,657665.4,31395.7084589598
"deerhunter_both","A* h+",0,,,,,1000000,1000000,1000000.0,0.0,10497401,10497401,1.0497401E7,0.0,2630763,2837252,2760307.6,70131.72797414876
"deerhunter_both","A* h_max",0,,,,,1000000,1000000,1000000.0,0.0,10721164,10721164,1.0721164E7,0.0,1526198,1575767,1549035.5,16024.70280067621
"deerhunter_both","A* rp",10,10,10,10.0,0.0,632618,869243,774554.9,115427.00023257124,6663528,9215357,8195248.8,1247536.3776563632,1103059,3156130,2259501.5,926945.2475580475
"deerhunter_both","A* h+ + pruning ",10,10,10,10.0,0.0,144653,144653,144653.0,0.0,1441179,1441179,1441179.0,0.0,210751,420058,330518.2,67520.40847151326
"deerhunter_both","A* h_max + pruning ",10,10,10,10.0,0.0,157865,157923,157894.0,29.0,1504681,1505191,1504936.0,255.0,501994,751210,636557.2,95695.9894444903
"deerhunter_both","A* rp + pruning ",10,10,10,10.0,0.0,117776,131651,126122.4,6446.741691738549,1421063,1629377,1546049.8,100858.46319947572,392015,755040,658808.2,96051.43179338869
"deerhunter_both","EFS h+",10,10,10,10.0,0.0,94259,94330,94294.5,35.5,534737,534737,534737.0,0.0,38148,39537,38927.4,389.90747620429136
"deerhunter_both","EFS h_max",10,10,10,10.0,0.0,79043,79127,79085.0,42.0,661965,662009,661987.0,22.0,51867,249151,72337.4,58939.1908057788
"deerhunter_both","EFS rp",10,10,10,10.0,0.0,41440,87243,68380.7,21692.17787613775,212971,542407,407601.5,158099.11697239173,11888,241679,90896.4,92664.57399265374
"deerhunter_both","EFS h+ + pruning ",10,10,10,10.0,0.0,5041,5047,5044.0,3.0,54354,54382,54368.0,14.0,-189776,6681,-52485.1,89863.47831844703
"deerhunter_both","EFS h_max + pruning ",10,10,10,10.0,0.0,3561,3563,3562.0,1.0,47840,47856,47848.0,8.0,6171,7290,6797.4,459.7665059570999
"deerhunter_both","EFS rp + pruning ",10,10,10,10.0,0.0,5536,5722,5633.2,51.17186727099178,65382,66223,65788.0,347.16566650520036,8342,10380,9605.5,710.9585430951653
"deerhunter_both","GFS h+",0,,,,,1000000,1000000,1000000.0,0.0,2298471,2298471,2298471.0,0.0,122114,123193,122754.2,341.92040009335506
"deerhunter_both","GFS h_max",0,,,,,1000000,1000000,1000000.0,0.0,6311125,6311125,6311125.0,0.0,299915,306869,302416.3,2112.677497868522
"deerhunter_both","GFS rp",0,,,,,1000000,1000000,1000000.0,0.0,2421641,2574920,2482967.2,75079.14808760153,129634,138604,133545.0,3374.887998141568
"deerhunter_both","GFS h+ + pruning ",10,10,10,10.0,0.0,611727,611727,611727.0,0.0,3094243,3094243,3094243.0,0.0,1577475,1607152,1590366.5,9796.861091696666
"deerhunter_both","GFS h_max + pruning ",10,10,10,10.0,0.0,323135,323197,323166.0,31.0,2504490,2504819,2504654.5,164.5,1361772,1563255,1387812.8,58594.291028734195
"deerhunter_both","GFS rp + pruning ",10,10,10,10.0,0.0,459164,479481,471354.2,9953.256620825166,2626374,2839403,2754191.4,104362.47008307153,1055216,1372490,1186916.0,119339.70297348656